address|carrosserie|categorie|couleur|cylindree|date_immat|denomination|energy|firstname|immat|marque|name|places|poids|puissance|type_variante_version|vin
3822 Omar Square Suite 257 Port Emily, OK 43251|45-1743376|34-7904216|LightGoldenRodYellow|3462|2012-05-03|Enhanced well-modulated moderator|37578077|Jerome|OVC-568|Williams Inc|Smith|32|3827|110|Inc, 92-3625175, 79266482|9780082351764
974 Byrd Mountains New Jennifer, IL 01612|03-0258606|71-7143342|Snow|4837|2019-06-14|Right-sized secondary array|15895400|Paul|859 GZP|Ross PLC|Olson|9|5870|298|LLC, 37-7112501, 39890658|9781246585674
604 Willis View Suite 279 Hansenview, NY 26033|26-7045508|16-3556230|CadetBlue|1245|1988-11-29|Balanced intangible portal|99868567|Jose|2-2270C|Gillespie PLC|Gomez|33|3504|406|PLC, 67-9571998, 92859586|9781027382348
9254 Alex Spurs Guerreroborough, CA 92849|33-0120430|48-3676141|Aquamarine|6591|1972-02-16|Public-key multi-state portal|00036238|Melissa|3U QE479|Jordan and Sons|Perry|42|6790|274|Inc, 46-5693739, 40786551|9781963521054
1076 Richardson Ferry Apt. 489 Georgefort, WA 80609|15-9017493|43-4456544|OldLace|4048|1924-03-24|Innovative bifurcated structure|61597433|David|HNE 523|Kane, Owens and Ruiz|Walsh|4|1113|367|PLC, 27-4457025, 16381230|9781704558639
2286 Chambers Mountain Apt. 678 Bergerborough, RI 20663|30-6116142|86-2929434|Magenta|1603|1906-11-11|Enterprise-wide homogeneous archive|34766569|Travis|8HX M57|Gutierrez and Sons|Bates|43|8513|500|LLC, 54-8683849, 13697730|9780576655231
379 James Estates South Timothyland, KY 25223|56-5056110|63-5034092|RoyalBlue|2395|1933-04-09|Networked asynchronous architecture|77613059|Johnny|57-QF04|Ferguson, Cervantes and Ross|Burns|16|3549|74|LLC, 91-1247104, 50766970|9781169118010
3909 Tran Station Port Brianmouth, IL 21645|15-5272742|51-8265228|Black|7515|1920-06-07|Synchronized systematic encryption|56249798|Scott|8AE 879|Mckay PLC|Gilbert|5|8910|110|and Sons, 74-6886891, 38494925|9781826343274
81945 Maxwell Harbor Apt. 426 West Deborah, GA 74368|12-1245648|83-0657526|PapayaWhip|3254|1908-01-17|Open-architected demand-driven interface|28439073|James|DZ8 9969|Matthews Inc|Mendoza|18|6394|314|and Sons, 55-8906993, 20894474|9781520070520
6424 Roy Point Apt. 072 East Alison, FL 91097|54-0826937|50-2284125|Bisque|778|1916-05-12|Cross-group coherent process improvement|90050824|Lauren|ESC-893|Davis-Davies|Hoffman|12|7203|276|Group, 23-9750084, 97983392|9781010901792
93558 Benjamin Inlet Apt. 565 East Rebecca, MO 60002|23-3593870|22-9054433|RosyBrown|2345|1972-05-09|Profit-focused directional orchestration|10910337|Jack|MCE-623|Cox, Ochoa and Brennan|Jones|24|5395|572|Ltd, 32-7037008, 76874505|9780292109285
821 Tammy Flat Suite 737 Bethanychester, TX 00661|85-6542048|14-8326747|DarkOrange|6362|1998-04-01|Realigned fault-tolerant strategy|50130139|Patrick|156-XON|Mills-Taylor|Coleman|9|9247|399|PLC, 61-1463986, 12172559|9781033894620
90148 Kelli Oval Suite 515 Sarahton, DE 35247|01-1371797|58-6806072|Khaki|6435|1941-09-27|Horizontal systematic hardware|89171493|Angela|650J|Lane-Ryan|Schneider|16|1667|261|Inc, 99-1124953, 46990686|9781772433463
PSC 6427, Box 0677 APO AA 51900|33-2149269|77-2773542|SeaShell|7038|1926-08-18|Public-key foreground portal|58158722|Breanna|917 PAK|James, Morales and Wilson|Alexander|4|3645|312|Group, 58-8110663, 94868319|9781465557612
2247 Taylor Common Jamesborough, IN 35177|04-0412094|68-0953441|Lime|4061|1990-08-07|Right-sized motivating forecast|31948227|Dawn|ZMR 198|Conner Inc|Cohen|19|6508|124|Ltd, 34-4239114, 07213304|9780708332047
6729 Herring Rue Jonathanfurt, NH 65237|26-6321065|25-1535528|LightCoral|7397|2008-08-17|Phased holistic attitude|14995095|Ernest|307 OZH|Cook-Murphy|Thomas|9|998|502|PLC, 58-1872808, 75529291|9781425517663
529 Michael Extension Suite 011 West Ashley, DC 86156|45-4251913|87-7124451|LightSalmon|1055|1958-01-26|Multi-tiered contextually-based alliance|95936925|Samuel|58T W67|Sanchez, Robertson and Larson|Contreras|32|8960|450|Inc, 95-8624759, 52774188|9781416328940
7406 Cunningham Prairie Apt. 781 South Aliciaborough, VT 41077|71-2991090|37-3820743|Chartreuse|4484|2014-06-28|Balanced logistical productivity|19102245|Brian|136 BRL|Winters and Sons|Harding|27|3689|396|LLC, 12-6763758, 36077526|9780901124043
67827 Thompson Ferry Salazarshire, NV 66871|50-2387379|31-0099444|Orange|2592|1958-04-11|Inverse zero tolerance service-desk|91689184|Samantha|8II7744|Quinn Ltd|Robinson|3|6703|150|Inc, 85-0350272, 44290597|9780291208484
927 Andrew Spurs East Alan, ID 58185|03-9072414|63-7867652|Orange|1381|1946-10-08|Pre-emptive contextually-based artificial intelligence|09299559|Amy|56HI9|Reynolds-Nelson|Smith|34|1928|213|PLC, 85-7853011, 75112479|9780504750311
1687 Valdez Harbors Houstonberg, CO 33803|71-2194952|72-2732792|Bisque|5383|1988-11-15|Proactive empowering extranet|28395607|Aimee|4NE3156|Hammond, Cunningham and Fernandez|Duran|2|9046|289|Ltd, 65-7616011, 73372639|9781381604292
12237 Tricia Rapid Apt. 331 Millerchester, AK 36546|31-1035063|40-7078081|MidnightBlue|1089|1992-06-20|Decentralized 4thgeneration moratorium|69805257|Jennifer|932 VJV|Cruz-Joseph|Edwards|19|6153|344|Group, 53-5374698, 05746804|9781487873561
Unit 5345 Box 8013 DPO AE 42026|10-0822631|92-8818458|HoneyDew|3823|1927-06-02|Reverse-engineered fresh-thinking support|14868849|Shannon|963862|Burns and Sons|Harmon|24|7102|385|Inc, 27-6938356, 74878673|9781241155599
65633 Bean Bypass Lake Luke, WV 60707|91-7380005|20-8015468|LavenderBlush|134|1989-10-08|Open-architected dedicated function|82131586|Shannon|G89 7YA|Johnson-Arroyo|Herrera|36|9046|430|PLC, 51-1948250, 31911061|9780031118059
660 Gregory Court Suite 341 North Alexandraton, OR 69057|04-5306729|75-5897879|LightPink|6611|1941-01-08|Adaptive coherent benchmark|51607982|Christine|997-FCI|Sullivan-Adams|Hall|38|7613|55|Group, 56-4801851, 45995767|9780356960470
67697 Williamson Path Perezton, NC 34120|92-7168732|75-7250017|DarkSlateBlue|209|1992-08-27|Optional didactic superstructure|53612908|Joshua|180-JIR|Cantu PLC|Hernandez|25|3523|541|Group, 23-5949724, 69519116|9781385279298
85393 Freeman Islands Apt. 774 Robinsonstad, VA 66339|35-4858750|04-7320656|SteelBlue|4229|1979-01-28|Pre-emptive didactic product|57146249|Alyssa|6GQT 31|Hoover, Henderson and Miles|Davis|19|4634|210|LLC, 46-2835721, 52984341|9781275708518
9781 Stevenson Throughway Apt. 184 Millerview, NM 57415|44-0915471|88-0971204|LimeGreen|7842|2007-03-04|Re-contextualized heuristic core|91096548|Vanessa|BM-4248|Wilkerson and Sons|Henderson|12|3523|257|Inc, 85-0828638, 36391714|9780221322730
7221 Hanson Springs South Bobby, WA 75956|20-2614662|60-3352693|MediumSlateBlue|6456|1991-02-02|Synchronized local knowledge user|89737514|Maria|NFN 323|Moses Ltd|Smith|46|7445|220|PLC, 71-9074524, 32733471|9781815881879
779 Brown Manor Apt. 245 North Patriciaburgh, AK 30526|48-6271851|26-6878623|Pink|3273|1985-11-27|Exclusive fresh-thinking Graphical User Interface|13504779|Megan|013 VPN|Haley, Tucker and Soto|Wood|10|7847|58|and Sons, 91-3626257, 54412453|9781320080699
70588 Collier Island South Kevinberg, NC 41638|88-7110380|35-7157725|Brown|103|1956-05-18|Proactive tangible adapter|50420285|Monica|8Y401|Bridges-Graves|Maldonado|2|7575|107|Group, 46-1012537, 12039319|9780906494226
05046 Julia Forest Suite 032 Victoriaburgh, MN 23618|98-6456973|42-7788553|Red|3340|1987-12-03|Enterprise-wide encompassing groupware|58116821|Shawn|37-AN00|Davis, Snyder and Price|Baker|39|3854|118|Inc, 55-9133653, 35905318|9780186268111
82726 Rodgers Skyway Parksville, WV 22614|40-3760222|99-8291456|DimGray|1177|1936-12-21|Polarized reciprocal encoding|78641358|Kylie|119QP|Garcia-Carter|Odonnell|38|2522|565|Inc, 45-3062598, 25604122|9781585572120
28364 Jose Ville Apt. 788 Lopezbury, NE 32542|11-5031451|51-5886559|AntiqueWhite|4178|1984-01-29|Distributed optimal hierarchy|48662024|Stephen|B59 5KN|Hess-Acosta|Sandoval|8|1253|331|Inc, 53-2174959, 65532478|9780275874964
317 Heather Row Lake Elizabeth, MO 69583|58-5422707|24-6434609|CadetBlue|5127|1948-01-06|Multi-layered contextually-based contingency|77292438|Norma|9MD E26|Moran PLC|Yu|5|6531|292|LLC, 61-9262316, 60202956|9780728316164
7497 Pamela Rue Suite 977 East Breannaview, HI 67651|58-3185500|59-2212029|Cornsilk|3889|1964-10-26|Fundamental reciprocal application|30928381|Lindsay|01D Q88|Rich, Hogan and Brown|Medina|5|7445|279|LLC, 60-9459751, 75574352|9780911645019
Unit 4546 Box 1668 DPO AE 57481|93-8379233|58-6660911|LightCoral|4903|1984-12-24|Secured next generation groupware|78977945|Deanna|W48 7TA|Garcia Inc|Cook|37|4864|544|Inc, 39-3479363, 66724674|9781397640772
60422 Ann Islands Port Johnland, AL 38481|94-9574425|26-9216959|MistyRose|1310|1976-06-17|Customer-focused optimal solution|17857123|Christina|0X DI228|Lee-Whitaker|Park|43|7245|38|Group, 46-6788298, 28019732|9780121492847
86312 Amanda Lodge South Trevor, ID 89563|03-4362405|99-3210147|Thistle|6238|1996-06-30|Optimized context-sensitive hierarchy|56225426|Cassie|373 YHY|Ortega Ltd|Burke|25|7313|105|PLC, 55-5640826, 20080105|9781717687753
79434 Snyder Camp Apt. 796 Wardfurt, MI 33995|99-9770725|61-1671942|Linen|673|1943-06-18|Multi-lateral regional matrices|55483360|Keith|570-BAJ|Dunn-Rivera|Montgomery|1|6994|304|LLC, 90-1233250, 66480174|9781124672007
4870 Nathaniel Forks West Rebeccaton, WA 51844|04-9470445|81-6734793|DodgerBlue|297|1930-09-14|Object-based responsive flexibility|01739947|Hannah|NPM-152|Carey Ltd|Payne|41|923|480|Ltd, 90-2772099, 06213848|9781473469587
37556 Willis Mountains Suite 342 East Peter, WV 12605|75-6993082|42-0411522|Turquoise|3623|1968-02-01|Ergonomic dynamic product|00653046|Melissa|956 3WZ|Meyer, Anderson and Chase|Lee|17|8419|552|Inc, 47-3917539, 93969116|9781668850299
944 Meza Mission Suite 062 Port Stephanie, SD 14196|36-6737818|71-3185895|Gray|2989|1999-05-12|De-engineered mobile hub|38144004|Michelle|QA 96217|Hayden LLC|Tyler|12|7548|50|Inc, 45-8605360, 12116584|9780947412524
057 Mccoy Neck Apt. 162 Brandonfort, CT 80346|65-2134973|35-2040975|DarkOliveGreen|7634|1981-10-31|Assimilated homogeneous neural-net|02311180|Jessica|5R 6K0MJW|Reed LLC|Peterson|3|3741|495|and Sons, 02-3722921, 96909546|9781728869148
613 Joshua Wells Apt. 347 West Linda, NH 39995|51-5555634|91-7171217|PeachPuff|5223|1925-07-03|Synergized bottom-line framework|75662318|Amber|0N R7545|Ayers-Wood|Sanders|27|3795|231|Group, 55-7001682, 28063124|9780694790968
55433 Schwartz Freeway Apt. 814 Glorialand, AL 02382|57-0541699|27-9882189|Silver|882|1919-08-25|Open-architected reciprocal monitoring|98800384|Phillip|GUX 253|Scott, Cochran and Robinson|Mosley|5|3245|390|LLC, 50-5616657, 07127663|9780561482613
3430 Porter Pine Kennedyborough, TN 67372|01-6859993|56-3244495|Chartreuse|1090|1958-10-25|Reduced transitional firmware|59230700|Connor|LAY 341|Barnett Ltd|Harris|34|4274|62|PLC, 51-7166699, 43483235|9780342442416
1129 Hall Centers Apt. 505 Bookerton, OK 51249|27-8983734|74-3345708|Azure|3080|2000-02-01|Digitized demand-driven task-force|35039525|Reginald|0343|Archer Group|Walker|45|4742|112|PLC, 41-2715251, 98347193|9781233042395
20127 Morales Island Watsonview, LA 35459|73-5960074|65-4966595|Linen|7257|1987-05-23|Secured modular task-force|94776799|Michael|7WF 780|Skinner-Yoder|Kennedy|38|9160|259|Group, 05-9406902, 94677522|9780567814418
18445 Paul Turnpike Kimberlybury, VA 28873|20-0873676|84-6189762|LightCyan|6368|1984-04-15|Horizontal systematic system engine|38374999|Sabrina|5LQ 820|Walker, Hunter and Allen|Anderson|19|3572|324|Inc, 34-7085230, 08618504|9780240506975
8155 Moreno Square Lake Catherine, MN 87045|04-5375680|21-5958134|BurlyWood|7403|1915-12-12|Polarized actuating core|72604106|Marie|706 HGH|Gallagher, Mills and Lewis|Nelson|38|6388|455|and Sons, 68-8342227, 80481003|9781468318876
1845 Acevedo Heights Nicolechester, KY 15524|60-5897303|73-0966073|LightSteelBlue|135|1942-04-30|Cross-platform bottom-line toolset|04125600|Eric|593 ZVV|Fisher, Smith and Martinez|Ortiz|8|3722|129|and Sons, 98-3138089, 03431009|9781139889087
96388 Olson Cove Apt. 201 South Brandonport, KY 54994|76-8081190|06-4086192|LightSlateGray|5988|2010-08-13|Optimized exuding attitude|84579171|Craig|887S5|Jones-Lewis|Stephens|50|5537|121|Inc, 90-7330035, 44236489|9781474814997
4992 Green Rest Jasminemouth, NY 62327|73-9682070|33-8443823|LightSalmon|2850|1937-09-01|Multi-channeled client-server infrastructure|66523055|Christopher|EVF-764|Rojas LLC|Mills|39|1706|211|Group, 37-3440367, 48790680|9781265763213
09870 Salazar Branch South Troyfurt, MT 84214|66-6751658|12-3412452|LightSalmon|3821|2017-07-07|Re-contextualized reciprocal capability|04126348|Lawrence|065L0|Lopez Inc|Rice|15|8581|232|Group, 25-8461796, 69673788|9781686815096
2493 Brown Valley Shawborough, VT 44446|30-6536745|87-9820070|LightGray|1300|1914-08-20|Enterprise-wide methodical product|52617409|Eric|ABW-3380|Lyons, Phillips and Keller|Barr|18|4573|95|Ltd, 15-6185841, 01279351|9781745728770
8978 Dennis Oval Anitaport, WV 10423|61-8851493|88-1917804|Gray|2718|1948-08-09|Configurable 5thgeneration throughput|73229223|Jeremy|374-ASYS|Smith-Garcia|Hernandez|28|7538|485|Ltd, 38-5696212, 67261925|9780648260875
543 Spencer Street Suite 605 Thompsonton, DE 49976|34-6655537|02-4330415|Tan|2023|1911-06-24|Profound methodical hardware|00610780|Martin|5EB95|Li, Melendez and Santana|Cox|4|4150|159|and Sons, 58-2831249, 11724063|9780214698422
91552 Bradshaw Port Suite 052 Cookeshire, SD 99123|41-4534152|11-3320235|Olive|3888|1990-11-25|Visionary attitude-oriented encryption|48684712|Caleb|DC 6614|Lopez Inc|Murphy|26|1811|135|Inc, 25-9161458, 67690831|9781520947150
1781 Raymond Causeway Lake Christinamouth, CT 28959|92-8469446|31-0933786|LightSeaGreen|3523|1910-05-01|User-centric zero-defect migration|89704455|Jessica|TZS4932|Frank LLC|Ross|41|4727|93|PLC, 64-0496510, 67058891|9780583993760
173 Murphy Rest Apt. 986 North Derrick, FL 91537|12-7274028|75-0471585|Lavender|6118|1983-05-22|Pre-emptive dedicated strategy|52043796|Patricia|C72-14W|Saunders-Gilmore|Morris|22|1711|279|LLC, 67-8846438, 96294727|9780363339016
118 David Fords Apt. 387 Jonathanshire, MT 54237|01-4362466|43-0755331|Violet|2624|2017-02-08|Polarized multi-state adapter|55488303|Andrew|462-YBOT|Vance PLC|King|27|6899|265|Ltd, 35-6440980, 35265474|9781486414666
6030 Marie Station Apt. 140 Smithburgh, CA 01532|33-0794356|62-1809288|DarkKhaki|2530|1970-06-13|Enhanced full-range synergy|71991276|Brittany|VKA 855|Williams Ltd|Henderson|30|3333|161|PLC, 63-4353126, 28484868|9780439746410
906 King Wells Apt. 544 Hancockside, ME 46251|51-6487039|86-8465009|CadetBlue|4706|1984-01-06|Down-sized maximized success|92462717|Gary|826 AOY|Campbell, Patton and Young|Wright|31|2156|213|and Sons, 82-3630555, 84780812|9780929282787
0004 Julian Dam Apt. 447 Kristentown, NH 35532|03-3634317|59-8179503|Khaki|2401|2004-02-22|Reverse-engineered uniform architecture|46273734|Jerry|9G 24421|Mcdonald PLC|Parker|44|5113|30|PLC, 14-0739367, 51997137|9781606727065
856 Buckley Gardens Sonyabury, AZ 98169|48-8647728|51-6767550|LightPink|7425|1987-02-02|Switchable impactful capacity|36149926|Phillip|3-5552T|Martin, Lee and Hubbard|Shepherd|36|4054|341|PLC, 68-8818286, 84250025|9780534731014
964 Wood Row Victorville, MS 67563|82-5677508|40-4301179|PaleGoldenRod|5330|1944-04-15|Managed 6thgeneration circuit|78507883|William|8U 7N8HUS|Cowan, Ray and Taylor|Meyer|20|7090|384|Inc, 43-2237060, 46808295|9781572564138
578 Christopher Hill Tammyburgh, CO 32723|64-6561914|90-5005563|White|2410|1925-09-29|Reduced systemic website|64051338|William|O25 6LF|Fernandez, Blake and Fuller|Bradford|29|1638|470|Inc, 40-6468823, 95857220|9780268363628
44724 Velez Spur Suite 361 Waretown, WY 45030|12-2681420|15-6662640|LawnGreen|347|1989-03-08|Down-sized static interface|56419368|Erin|480RTZ|Schmidt Inc|Romero|50|8995|287|Group, 58-9341245, 17437943|9780654557747
3776 Gonzalez Passage Apt. 296 Millerhaven, SD 62551|77-2146415|34-1964236|SaddleBrown|5927|1906-10-02|Customizable cohesive array|07918100|Donna|77XL127|Rivera-Whitaker|Jacobs|50|2632|394|and Sons, 30-2690948, 68148348|9780605531260
52089 Michael Rue Suite 286 New Adam, WI 39526|25-4197365|93-1669991|MediumPurple|2520|1943-08-17|Synergistic motivating challenge|51169756|Edwin|90GA4|Nguyen-Thomas|Murphy|26|6215|364|Ltd, 85-6102065, 46503763|9780666376350
531 Brown Cliffs Suite 181 New Justintown, OR 60464|35-2780063|62-8099065|PapayaWhip|6871|1938-11-16|Programmable bi-directional info-mediaries|39839107|Andrew|XLW 263|Morgan LLC|Williamson|43|1749|269|and Sons, 81-7047014, 52318993|9781917309295
5400 Ramos Crest Mccormickville, MO 20843|45-5232450|53-8005500|LightGoldenRodYellow|5397|1957-05-02|Front-line zero-defect forecast|97608547|Daniel|1ID5258|Kennedy, Estrada and Wang|Li|11|1916|85|PLC, 61-2804776, 79741231|9781208610789
80419 Dudley Park Port Eileen, RI 20234|42-7404799|06-8106775|SandyBrown|883|1978-01-24|Front-line regional interface|88325491|Matthew|648 4DP|Nelson, Pierce and Davis|Huff|50|2949|421|Inc, 20-8601879, 50315222|9780988193680
05931 Jennifer Islands North Jason, IA 28527|75-2925723|31-1924460|Snow|4945|1964-04-22|Upgradable grid-enabled open system|13652333|Debbie|8ZS93|Kim-Green|Reynolds|37|7993|322|Group, 74-8458910, 87926460|9780986864599
1193 William Branch Apt. 564 Lake Elizabeth, MS 98926|66-5437119|48-9208781|LimeGreen|5915|1931-08-10|Digitized value-added interface|95697673|Gary|ESN 807|Winters, Martinez and White|Zimmerman|11|4838|278|Ltd, 85-6409859, 11262954|9780960435302
969 Ann Wells Port Albert, MS 54614|16-6664792|39-9946964|SpringGreen|2967|2011-05-05|Re-engineered reciprocal support|57462820|Stefanie|8667 FY|Hart, Cain and Nolan|Hickman|12|8240|517|Ltd, 51-6010427, 81743094|9780967972541
448 Garcia Fall New Denise, WY 93926|58-0977050|84-9936330|Khaki|3367|1948-03-18|Fundamental cohesive access|32436570|Eric|CKV 615|Mitchell, Mejia and Hall|Thomas|42|6351|76|LLC, 52-3160965, 58305904|9781975431372
9785 Murphy Fields Apt. 732 West Jackview, CO 72126|26-0331638|27-4711244|Gray|3330|1911-09-21|Integrated modular intranet|75046866|Dawn|85Y 083|Mitchell LLC|Logan|41|6827|519|Group, 13-6613211, 30931626|9781954990647
693 Whitehead Knolls Apt. 436 New Brandonmouth, KS 82994|93-2526704|59-6399254|MistyRose|4739|1936-04-01|Versatile homogeneous Local Area Network|91976307|Dawn|4T322|Nguyen-Allen|Vazquez|35|5546|431|Group, 42-1101968, 94192001|9781874918141
5935 Ryan Mountains Apt. 271 Francoside, ME 58138|99-2582856|54-8529730|PaleGreen|342|1937-08-19|Multi-channeled homogeneous standardization|06006761|Whitney|0-9716X|Melendez, Padilla and Carr|Welch|26|4000|139|Inc, 30-9061869, 43337880|9781051125645
906 Kristina Orchard Kennethchester, NJ 87192|02-0443367|87-3269247|DarkKhaki|2192|1993-12-26|Object-based client-server array|26491745|Andrew|BH0 4114|Lopez and Sons|Valenzuela|17|6997|488|Inc, 24-1430043, 30667914|9780832729317
9200 Rodriguez Estates Apt. 654 South April, PA 26619|27-8750612|98-0341690|GoldenRod|3097|1964-03-20|Re-engineered demand-driven instruction set|24282765|Carlos|633-356|Fry, Kline and Jones|Byrd|49|7331|456|and Sons, 94-7512308, 41970041|9780036856987
252 Hooper Avenue Suite 611 Davidberg, WA 11422|31-2430540|01-1245481|BlueViolet|1493|1914-05-15|Advanced systemic process improvement|28217282|Jerry|DI 57417|Williams-Higgins|Lambert|49|4283|356|LLC, 53-2081814, 40224329|9781436502177
7277 Craig Key Brownland, DC 52039|56-3467561|60-6451281|DarkTurquoise|1502|1976-08-31|Vision-oriented composite migration|43886258|Juan|JE 3027|Mendoza-Donovan|Morales|18|7640|515|Group, 39-1575160, 86168083|9780113200221
929 Bryan Street Apt. 884 South Steven, MD 49912|36-7051719|83-6522388|SlateGray|6131|2015-09-21|Optimized analyzing parallelism|19648903|Paul|XG6 Y9A|Smith, Kelly and Warren|Rodriguez|34|8059|126|LLC, 10-0917505, 96494738|9780510515768
40619 Louis Crossing Port Sierrafurt, RI 27062|65-3098983|50-3645074|Maroon|4802|1960-02-15|Exclusive holistic utilization|29384754|Kelsey|44I 563|Glover and Sons|Hernandez|30|3107|320|and Sons, 38-4233314, 96545300|9780891834090
PSC 3413, Box 3615 APO AA 01860|37-4824412|87-0225508|PowderBlue|7808|1973-07-31|Devolved optimal portal|96913055|Alexander|ZRK 901|Peterson, Dunn and Murphy|Hill|20|4983|125|and Sons, 05-0041660, 76201349|9780843003666
784 Gail Trail Suite 228 Lindseystad, CA 50970|67-4347418|47-1131067|LawnGreen|635|1925-01-29|Cross-group needs-based orchestration|61108271|Samuel|62AH9|Coleman, Miller and Savage|Scott|31|3849|218|Group, 56-7413413, 08008152|9781926278117
Unit 4398 Box 0830 DPO AA 79783|01-0177745|77-4477809|Crimson|6009|1937-11-03|Business-focused secondary Graphic Interface|74776078|William|5XJ 474|Hanson, Mueller and Edwards|Sandoval|15|1255|482|and Sons, 10-7965097, 97061823|9781235770234
1093 Sheila Ranch Suite 225 North Kellyfort, GA 16728|84-0370450|83-4782253|DarkOliveGreen|2017|2000-02-10|Open-source next generation standardization|82943653|Kimberly|868-GXS|Carr PLC|Edwards|33|6551|177|PLC, 45-4237546, 13936235|9781708693855
70676 Blanchard Corners West Kimberlystad, AZ 15074|20-9616935|25-8692430|MediumPurple|6112|1988-09-22|Multi-tiered heuristic hardware|46073945|Carla|NEE 009|Freeman, Brown and Kramer|Young|12|6144|218|and Sons, 55-4834109, 07268656|9780444731937
892 Mary Station South Travisbury, VA 05117|42-4339616|16-8309567|Indigo|3886|1909-02-25|Down-sized heuristic attitude|90861697|Elizabeth|147-ZRT|Wagner LLC|Barrera|9|6688|304|PLC, 81-1666687, 54608641|9780652446951
8725 Lester Forest Apt. 214 East Deborahstad, ND 40895|22-3881625|66-3281276|CornflowerBlue|7462|1949-12-04|Virtual non-volatile pricing structure|59946298|Justin|414-MSMC|Lynch, Watkins and Anderson|Mendoza|17|6035|73|PLC, 61-7202980, 81991457|9780332082295
3092 Jodi Tunnel North Jadebury, VA 01736|06-9363156|95-8438318|SandyBrown|4635|1964-11-03|Ergonomic holistic hardware|39829214|Robert|REM 217|Parsons, Jones and Payne|Maxwell|23|2423|478|Group, 06-0772816, 04802389|9780118570107
28482 Richard Lock North David, RI 35371|87-9396036|31-0947125|OliveDrab|6069|1962-02-08|Ergonomic analyzing monitoring|94887204|Tony|FYH 951|West PLC|Carr|44|2058|388|LLC, 32-3065090, 27340004|9781905363124
6744 Alex Knolls Suite 987 Nicoleton, PA 70452|90-7112686|62-8493168|Moccasin|7675|1960-01-01|Synergistic composite intranet|72348192|David|IGE 226|Griffith-Cooper|Velez|44|5113|533|PLC, 91-7780726, 09445642|9781299463684
96056 Michelle Forks Port Matthewport, RI 60107|67-4072347|44-1513440|Maroon|1423|1906-01-20|Mandatory tertiary contingency|43154333|Martha|3-38720I|Anthony-French|Gonzalez|15|2507|493|Group, 66-1348533, 96919224|9780635836731
67674 Samuel Island Apt. 355 East Danafurt, AK 18331|10-6958725|94-5686594|Chocolate|1901|1921-04-11|Multi-layered methodical benchmark|71655499|Jack|68-T195|Ramirez Ltd|Gates|1|1901|182|LLC, 25-5566174, 05994267|9781468325737
21836 Christine Land Suite 168 Olsonport, HI 39815|11-0377323|05-1530815|Snow|111|1926-11-09|Inverse reciprocal interface|14087363|Jessica|279-JTG|Cooper LLC|Morton|20|7314|98|Group, 31-0359640, 70755893|9781448769865
418 Olsen Ferry Suite 161 Donovantown, IL 17396|52-3775066|44-3808349|Chocolate|2310|1906-10-02|Programmable web-enabled emulation|19683195|Theresa|XMS 143|Rodriguez-Gibson|Long|49|4084|527|LLC, 01-0912107, 58802519|9781698846989
5532 Lisa Mills Suite 141 Patricialand, DC 61487|92-0834817|27-1447003|DeepPink|4069|1928-03-12|Versatile zero administration benchmark|22277923|Amy|0WP5336|Smith-Jenkins|Johnson|12|8503|400|LLC, 32-8658715, 35016847|9781890185800
218 James Branch Apt. 641 Christineton, TN 28502|77-0643829|68-9384199|DodgerBlue|3548|1909-10-10|Innovative tertiary framework|52504020|Adam|6Y 76950|Sanders-Reed|Martinez|43|1510|237|Inc, 02-7096581, 23211803|9780222824271
37240 Wallace Valleys Ashleyland, KS 50958|95-9233476|05-5827591|BlanchedAlmond|6208|1978-09-02|Advanced dedicated array|50682126|Kimberly|450 DVU|Simmons, Hodge and Cooper|Miller|31|6665|110|and Sons, 95-6011485, 02919539|9781809712578
USNS Riley FPO AP 63381|40-1455076|55-3301382|NavajoWhite|428|1916-12-11|Multi-lateral even-keeled software|10415832|Ashley|ZEB 054|Mccormick, Lynch and Wilson|Jacobson|35|9252|392|LLC, 02-5649673, 54859296|9780211450467
17540 Clarence Shore Suite 509 New Sarahfort, NJ 38013|86-1948517|36-8398751|Black|2494|1926-11-13|Open-architected fault-tolerant monitoring|77139665|David|IWX-6865|Barnes Group|Thomas|33|2908|569|PLC, 54-2708999, 83810800|9781387175802
00069 Robert Crossing Suite 940 New Ariel, UT 01713|77-3642630|60-7094766|DarkMagenta|7115|1962-04-03|Re-engineered cohesive installation|12090440|Julie|7-09000T|Phillips Group|Delacruz|25|6783|239|PLC, 74-4846385, 43859115|9781038588265
993 Rebecca Estates Suite 207 Kristinside, CT 24093|35-0205520|63-8127894|PaleGreen|3527|1970-02-17|Down-sized eco-centric framework|85200579|John|18V•935|Hall-Pena|Sexton|27|929|283|PLC, 60-5379208, 35491224|9780622533704
PSC 7869, Box 2266 APO AA 04014|42-3019987|41-7921764|SteelBlue|278|1939-03-24|Extended contextually-based projection|21282843|Lindsey|37-FM41|Ramos Ltd|Ramirez|42|6613|254|Group, 90-3186934, 85006041|9781500559380
785 Jasmine Isle East Benjaminborough, UT 94563|63-6504170|43-7706953|ForestGreen|1990|1952-02-28|Versatile exuding ability|66156130|Robert|389 3253|Johnson Inc|Sanchez|19|8281|298|and Sons, 23-4583802, 54200876|9780027209198
909 Robert Station Suite 901 Robertland, MO 87053|24-1697303|46-2924964|Azure|5996|1947-06-22|Organized heuristic workforce|36066704|Jennifer|QFP Q91|Meyer, Bullock and Adams|Kim|26|3259|355|Inc, 31-4810162, 65203491|9780295361567
9152 Montoya Prairie Apt. 056 Port Suzannemouth, MA 56988|16-8324224|63-3708469|Green|5288|1944-10-20|Streamlined responsive implementation|02295138|Adam|XPJ-944|Carlson Group|Edwards|17|6993|233|Group, 82-0754027, 71822273|9780474017957
7457 Kirk Loop Kimton, NH 98786|02-8528910|51-1382655|LightGray|3876|1991-10-28|Ameliorated encompassing superstructure|75490898|Sierra|2684 GX|Anderson-Delgado|Merritt|11|4165|563|Inc, 92-1720995, 91966278|9780209531581
68223 Tasha Circles Apt. 646 Aaronborough, SD 71200|33-1450045|53-5490662|MediumOrchid|5348|2003-01-29|Implemented logistical core|08059772|Kathryn|351MGF|Stanley-Hamilton|Neal|22|1063|42|Inc, 39-6596597, 86170673|9781953504449
796 David Shoal South Natashashire, KS 20170|44-3646544|63-3298074|Gray|7228|1952-06-19|Configurable homogeneous infrastructure|83941313|David|855 BUU|Wilson, Smith and Butler|Rogers|48|4249|318|Ltd, 50-7630166, 90830129|9781390501582
7843 Curry Plains Apt. 185 Mcbrideport, VT 37404|66-0874920|20-6096580|Magenta|2374|1984-12-11|Expanded tangible toolset|57423043|Sara|721Y|Tate-Bennett|Mullen|4|5620|84|Group, 45-6348186, 28345572|9780086653420
67359 Michelle Wall New Nathanielview, HI 19498|91-6969427|88-4931947|Azure|7630|1964-06-25|Intuitive optimizing functionalities|86240420|Carolyn|RR 9610|Tran, York and Prince|Cortez|48|7654|419|Ltd, 88-2479830, 69051340|9781756644168
8067 Kerry Stream Ryanshire, AK 55291|50-5019714|93-0101882|Magenta|5033|1942-03-17|Optimized maximized product|45397509|Thomas|497 CNB|Mitchell and Sons|Shaw|27|5969|571|and Sons, 72-2282464, 30703193|9781638266556
69888 Paige Mountain South Joseph, MD 14804|72-2943359|25-3188759|Orchid|3853|1958-08-14|De-engineered exuding capacity|65752043|Robert|L31 3UK|Stark, Aguilar and Forbes|Cortez|41|1372|207|Group, 34-5766165, 16956018|9780447935646
37045 Edwards Neck North Jameston, MD 65708|75-2322975|26-4291122|AliceBlue|7267|1942-12-13|Customizable non-volatile architecture|70319163|Christopher|LQM 059|Coleman, Sosa and Cooper|Smith|1|7468|423|and Sons, 73-2741167, 94278491|9781419630767
20424 Margaret Valley Liland, NY 87465|67-6532310|88-0758286|DarkGray|4708|1905-04-13|Monitored empowering toolset|48249409|Brenda|161GIR|Porter-Mann|Pierce|25|3142|197|Inc, 12-2327329, 82000837|9780666962423
69301 Curtis Isle West Kevinview, NC 15677|80-7851680|35-6139716|MintCream|6192|2009-05-31|Open-architected static customer loyalty|50873951|Jesse|PRR 822|Owens-Cunningham|Stone|36|8706|495|LLC, 81-9902311, 89976906|9781372261350
02036 Pearson Crossroad Joshuaton, MO 95003|71-5802450|42-7006346|OliveDrab|401|1928-11-02|Reduced full-range analyzer|68799175|Michael|595-WRV|Walton-Peters|Coleman|45|8710|53|Ltd, 02-0738250, 55983334|9781303574528
PSC 1239, Box 6575 APO AP 04007|37-1186900|55-0849917|DarkTurquoise|7778|1936-08-27|Persistent empowering definition|44216818|Sara|692UQL|Kelly, Gonzalez and Patton|Wilson|29|6856|534|Inc, 68-4107205, 63281026|9781404613195
6353 Jennifer Dam Hamiltonfort, IL 52962|73-4456685|42-2045230|Ivory|3592|1950-04-14|Customizable intermediate circuit|94769425|Nicholas|15OA1|Pham-Mason|Cruz|35|7213|110|Group, 13-6299267, 35209676|9780789713919
153 Michael Burgs Lake Christopher, UT 87512|64-9021903|95-1679457|Wheat|3979|1954-11-04|Expanded maximized process improvement|42111429|Peggy|858 TBN|Johnson Ltd|Allen|31|3530|30|and Sons, 22-7425943, 49042825|9781121575653
948 Mullen Loop New Zachary, OK 96261|01-4202473|63-5041056|MediumTurquoise|2515|1970-06-20|Universal 5thgeneration moderator|77179616|James|QW 87562|White and Sons|Krause|15|7703|432|Ltd, 16-7936114, 96309889|9780611812223
28642 Taylor Alley Suite 188 Lake Teresa, CA 71819|52-1383846|93-0935774|MediumSpringGreen|4448|1932-11-13|Cloned optimizing adapter|75499334|Pamela|DJ 8220|Villarreal, Turner and Burnett|Yoder|35|6580|419|LLC, 77-3810367, 72671849|9781278231488
72661 Jonathan Freeway Suite 198 Shannonbury, MI 32239|82-4531290|88-8056002|LightSteelBlue|4685|1916-03-22|Reverse-engineered background definition|30631595|Christine|170-MVJ|Martin, Bailey and King|Lane|16|3119|208|Inc, 44-3025551, 03271506|9781609234638
6905 Caroline Mission Kristystad, MI 58105|56-2477710|91-0852999|MediumSpringGreen|7352|1940-11-30|Optional non-volatile matrices|30790155|Robert|90-SH70|Lawrence-Stevens|Macdonald|30|5600|142|Inc, 48-0129406, 50610716|9780581120366
75424 Paige Ferry Theresatown, NJ 91356|12-9138680|41-6595433|OldLace|1124|1955-08-22|Open-source didactic Internet solution|95591339|Robert|167 MLO|Bennett Inc|Garcia|6|2296|336|Inc, 80-2037076, 21083334|9780671992552
3988 Stacy Pines Apt. 865 South Catherinebury, AZ 05805|46-4611785|27-7299508|Red|1242|1917-01-04|Grass-roots human-resource implementation|06650537|James|522 NZV|Hoover-Green|Weaver|14|9375|581|and Sons, 54-4924771, 68606138|9780874179552
03191 Samantha Station Kathyfurt, CO 13282|93-1854515|22-1374404|White|4602|1976-07-11|Virtual well-modulated benchmark|10610466|Andrew|49H•198|Torres-Taylor|Lopez|31|1725|328|LLC, 67-9685805, 14662492|9780669533996
261 Ortiz Manors Apt. 471 West Jocelyn, MA 55321|91-8231741|61-5034108|DarkRed|7717|1980-05-06|De-engineered eco-centric moratorium|48549837|Blake|GAX T41|Anderson, Young and Perkins|Warner|14|8797|103|Ltd, 26-6998310, 86861991|9781801029667
861 Peters Throughway Suite 767 East Donnamouth, SC 51919|38-7989067|37-4058122|Purple|3734|1959-09-03|Seamless neutral core|92550421|Michael|681 0DK|Kelly-White|Doyle|37|4469|504|and Sons, 53-3503500, 24925891|9781826988659
02642 Alexander Lodge Joseport, TN 70553|43-6306547|61-3475234|GoldenRod|7956|1995-03-29|Optimized non-volatile product|79599009|Natalie|FJU 788|Schmitt, Fernandez and Johnson|Jefferson|2|2776|336|Group, 45-5582485, 17824194|9780384443891
8702 Sanchez Flats Cameronton, IA 81119|48-7426741|03-6601940|Moccasin|1672|1927-03-05|Right-sized homogeneous service-desk|88764955|Ashley|956 9MU|Smith LLC|Garza|34|6276|188|Inc, 63-9143748, 00809443|9781423031994
89507 Jennifer Street Apt. 035 Blakeberg, NE 69132|87-2599523|99-8982392|MediumAquaMarine|4922|1945-11-07|Versatile object-oriented standardization|51334369|Laura|197 RX2|Sanders-Gomez|Taylor|6|3019|537|Inc, 41-4749046, 88295503|9781162371924
4345 Donaldson Bypass Port Seanland, HI 90147|71-1760713|99-6192728|Teal|6542|1968-07-19|Seamless even-keeled neural-net|69173189|Ronald|309 EUB|Flores, Evans and Landry|Gray|47|3493|212|Inc, 88-3374615, 09479692|9780854079650
8820 Fields Harbor Wagnerstad, KY 48612|46-0731203|02-7735878|LightCoral|5022|1951-07-14|Advanced didactic toolset|12625826|Leah|C57 4HH|Miller PLC|Spencer|28|4211|108|Inc, 64-2729166, 76251238|9780726020858
USNV Thornton FPO AP 50548|54-0554995|64-7593440|Brown|5593|1906-06-11|Business-focused actuating adapter|95378688|Glenn|4ED Y86|Frank-Gonzales|Williams|10|5400|168|Inc, 30-0179311, 27334454|9781284676075
323 Payne Ferry Port James, KY 48265|34-5471250|61-7459331|DarkOliveGreen|736|1911-12-28|Reduced interactive algorithm|72622872|Timothy|HBC 666|Palmer-Myers|Lewis|43|4212|43|Inc, 27-8603231, 31555968|9780930965792
7506 Tyler Extensions Suite 209 New Heather, MN 17380|10-4705404|50-4284967|Wheat|4789|2018-10-01|Enterprise-wide zero tolerance structure|88812526|Tony|XI-3804|Chavez-Marshall|Johnson|17|7919|161|PLC, 74-9904753, 07811630|9781826073720
3027 Sosa Divide Suite 790 Smithbury, TX 40474|61-5895753|68-1002785|Plum|7390|1955-02-02|Triple-buffered encompassing process improvement|66261179|Suzanne|037-ILY|Barker Inc|Walker|34|1103|485|and Sons, 35-8122574, 12525737|9781721252442
056 Rodriguez Knoll Suite 651 Port Robert, DC 55336|81-8528722|52-6027425|Purple|2749|1944-01-22|Switchable clear-thinking methodology|26338781|Kimberly|763ZBG|Martinez, Martinez and Morgan|Tran|7|5938|41|LLC, 11-5636354, 38032318|9780327507079
5195 White Mountain East Rebekah, TN 90628|34-9906253|51-4177030|DarkTurquoise|2660|1999-09-11|Persistent context-sensitive capacity|00019958|Garrett|1KCF 87|Chavez, Kennedy and Swanson|Mcbride|18|2213|599|Inc, 61-2037761, 32699241|9781218825197
46226 Megan Orchard East Masonberg, MO 15300|46-7566844|03-8369918|LightCoral|1913|1964-07-09|Virtual optimal approach|29022670|David|437 5580|Miller, Allison and Smith|Stephenson|13|6268|444|Ltd, 15-0944435, 24131926|9780327232575
7494 Carlson Forks Apt. 306 Haileyfort, RI 22067|12-6118992|04-1045691|LavenderBlush|7120|1984-12-21|Customer-focused modular encryption|10741320|Mary|2MQ 039|Taylor-Gross|Sandoval|49|3583|445|LLC, 25-4001096, 96536155|9781669281856
0946 Jeremy Plains Suite 669 Stephenstown, AK 77748|93-7534808|16-1259252|GoldenRod|3100|1927-12-04|Vision-oriented heuristic migration|02836157|Norman|NUE-892|Mitchell Inc|Myers|9|4141|148|PLC, 81-3482059, 56112610|9780020066804
5406 Karen Vista Lake Brandon, NY 50054|99-6521379|46-3673343|Lavender|6499|1979-02-14|Right-sized multi-tasking hub|03428559|Elizabeth|RKG 262|Armstrong LLC|Thompson|1|6524|307|PLC, 59-3494867, 78542143|9781819131802
962 Brandon Villages Apt. 224 Smithtown, RI 02328|71-3466395|98-0398439|FloralWhite|2484|1976-07-26|Profound user-facing info-mediaries|26409504|Mercedes|UKA5539|Chavez-Baker|Johnson|25|1252|313|LLC, 65-5850472, 17539210|9781571362537
667 Troy Ports North Josephtown, OH 35907|31-3977211|92-6950890|LightSeaGreen|5279|2002-08-08|Centralized multi-tasking model|73546856|Jeremy|ZFZ 415|White-Walker|Reese|46|2067|99|and Sons, 83-0130032, 31739511|9781754172618
1063 Garrett Highway Suite 134 New Laurieville, TX 18474|66-7278075|71-0289129|Cyan|1292|1982-07-21|Triple-buffered 6thgeneration firmware|75409296|John|81-41804|Anderson-Smith|Conley|35|9024|587|PLC, 54-1415861, 07821899|9780317769449
381 Williams Knoll Alexandraview, VA 14899|50-3925841|88-7613943|SeaShell|3961|1923-09-02|Visionary encompassing customer loyalty|40957814|Alicia|ASM-0357|Harris-Stewart|Freeman|17|7634|546|Ltd, 85-0442984, 09801905|9780973706116
45690 Jordan Roads Apt. 463 Nunezhaven, DC 01807|42-4828754|92-7485723|Green|2176|1988-01-11|Extended foreground secured line|11408512|Sharon|013 DVE|Brown, Chen and Avila|Mccarty|44|4076|526|LLC, 36-8656839, 06448875|9781267637109
22973 Hancock Key Suite 257 Sandrashire, MN 16783|04-0265396|52-9702089|Azure|586|1970-02-17|Synergized foreground architecture|07640421|Mackenzie|KLT 356|Garcia Ltd|Hernandez|38|8386|254|Inc, 20-4881769, 00386302|9781341108464
42495 Sullivan Land Suite 851 Warrenbury, GA 37258|61-9685324|57-3292907|GhostWhite|5285|1908-07-11|Profound asynchronous application|81044825|Jason|75-3189M|Blackwell-Sheppard|Palmer|50|1272|490|PLC, 36-6387422, 29842704|9781842139981
PSC 2963, Box 1608 APO AE 39490|44-9451684|51-8061512|DarkGreen|4912|1922-07-04|User-centric modular framework|27480779|Ryan|KYX 739|Booker and Sons|Mcbride|2|5824|475|PLC, 26-2114682, 22432964|9780925483454
3380 Patel Junction Port Michael, CT 33253|13-0495262|48-0879555|LawnGreen|7179|1989-10-04|Automated real-time open architecture|49414837|Paul|IJV-391|Christian-Welch|Luna|3|975|381|Group, 40-6845381, 68786717|9781620130674
72013 Jefferson Locks Vanessafurt, DC 81157|64-1370451|44-2700439|LightSalmon|1196|1927-03-07|Centralized actuating strategy|36288120|Randall|7QTD379|Chapman and Sons|Pena|19|9381|407|and Sons, 22-7609170, 26066196|9781558216600
933 Aaron Ranch Apt. 622 Stonechester, MO 75727|54-6481911|43-3275418|Violet|7507|1964-03-30|Devolved background website|65048443|Richard|9-34893|Strickland Group|Davidson|33|8369|155|LLC, 81-4065339, 06460440|9781435057883
88253 James Spur Apt. 539 Stevenland, MO 57091|27-3749014|95-4811056|Violet|1525|1937-01-31|Robust dynamic neural-net|77217288|Priscilla|05G H69|Terry Inc|Tucker|37|8495|585|Ltd, 12-2060216, 84245182|9781838308957
74088 Rice Mountain Suite 120 Timothyland, KY 80808|55-8308570|50-0282161|NavajoWhite|6529|1949-02-16|Right-sized national moratorium|09209978|Jessica|3T 6O6QUS|Bennett-Brown|Park|15|2242|360|Ltd, 85-5701666, 47108899|9781612864297
8939 Alexandra Track New Edwin, AZ 52659|14-8194970|03-6617902|Snow|2150|1929-02-02|Reduced transitional orchestration|75067465|Logan|8-8139G|Adams-Smith|Acosta|32|7723|163|LLC, 94-1589056, 76954719|9781330906477
943 Knapp Junction Suite 553 Davidton, ND 39669|76-5603669|65-4381322|ForestGreen|1135|1962-10-05|Upgradable clear-thinking monitoring|70117622|Jason|65GJ768|Weeks-Ramirez|Bryant|23|7573|104|Inc, 30-0170469, 86453271|9780932605757
PSC 3557, Box 2130 APO AP 25410|88-2318041|25-4938816|LimeGreen|1440|1981-08-04|De-engineered cohesive focus group|50161119|Julie|8B991|Collins, Mccall and Alexander|Lewis|40|2113|178|Ltd, 66-3821218, 45897689|9781758473711
8748 Baldwin Shoals Hollandport, TN 26696|91-6719684|92-3313196|NavajoWhite|2441|1980-03-06|Profit-focused optimizing system engine|52976742|Sara|086-BSH|Jones-Garcia|Spencer|7|9499|449|LLC, 10-6350851, 12842797|9781641945226
99260 Matthew Roads Escobarport, MO 49371|86-6078031|04-4301433|MediumTurquoise|6025|1907-04-28|Versatile user-facing workforce|67731152|Cindy|6-7227G|Alvarez-Navarro|Craig|11|3412|321|Inc, 47-1750507, 40822389|9780788047916
9877 Jackson Ferry Apt. 283 Matthewhaven, UT 87572|68-3960602|63-7269791|Gold|4297|1976-05-11|Implemented non-volatile emulation|25378474|Craig|225 9602|Phillips-Campbell|Gonzales|22|1512|71|PLC, 24-0825388, 77634313|9780640931315
495 Brandon Station Suite 130 New Jeremiah, MN 90017|90-6364544|55-9110623|PaleGoldenRod|1047|1953-09-18|Exclusive uniform policy|12516216|Melissa|355 WSU|Clark, Lyons and Hill|Acosta|7|1933|549|PLC, 60-0357969, 53815903|9781565067561
Unit 5738 Box 2473 DPO AE 04735|90-3557581|20-9043857|Magenta|3319|1908-03-04|Assimilated 24hour challenge|81710836|Mary|HQV 469|Reeves, Sampson and Murray|Rodriguez|31|1250|438|Group, 73-6302472, 88524979|9781218890614
38717 Young River Jennaville, WA 59479|37-8275853|26-6752972|FloralWhite|6664|1968-01-05|Extended background frame|21933899|Anthony|FSH-4985|Buck-Maxwell|Branch|49|8001|401|LLC, 76-3563260, 37338497|9780497851668
82044 Figueroa Ways Apt. 360 Port Joel, NV 01008|13-5326942|03-6163838|Lime|5185|2009-09-20|Automated bottom-line hardware|91943828|Deanna|FJK-1305|Obrien Inc|Bailey|18|2890|469|Ltd, 25-6051621, 50455850|9781391582214
61698 Wilson Centers Apt. 602 New Kevinshire, AZ 21906|26-1924341|04-4272894|Peru|1542|2007-04-23|Triple-buffered stable productivity|26155197|Michael|ZXB-8956|Hansen, Middleton and Jones|Ferguson|9|1187|475|Group, 43-6262380, 76054372|9781443631631
46826 Lisa Way Holmesfort, IN 93146|81-5196405|74-2268823|AntiqueWhite|5697|1956-04-25|Integrated bottom-line moderator|60303578|Tiffany|9AA 857|Decker Inc|Caldwell|41|1973|566|and Sons, 75-5106672, 58019177|9781532700392
521 Carter Greens Suite 280 South Abigailtown, ME 08417|75-5386527|16-7285938|DimGray|406|1960-01-29|Decentralized mission-critical methodology|98805792|Patricia|DYF 277|Smith and Sons|Welch|8|5258|578|Ltd, 95-9166509, 00804042|9781673458565
842 Henry Meadows Apt. 714 Brittanyborough, OR 74403|88-4288924|46-9198888|Tan|2722|1962-06-14|Open-source incremental frame|35183358|Tanya|KYB 5576|Bryant-White|Mora|26|7113|594|Ltd, 90-8282201, 94827330|9781595067616
0835 Kristin Vista Apt. 957 North Kristinshire, CA 51231|86-3946968|52-1613638|LightSalmon|3236|2000-11-06|Stand-alone heuristic interface|56293159|Sheena|849FYI|Sparks, Davis and Lopez|Pierce|36|1126|279|PLC, 65-0456963, 85252196|9780938872306
USS Gregory FPO AP 88034|94-6586566|94-2553825|LightSlateGray|2111|1931-12-02|Balanced fresh-thinking matrix|39871275|Timothy|7UK R07|Williams Inc|Morgan|46|5668|494|Group, 62-2724025, 47013148|9781338689150
10393 Elizabeth Mills Duncanchester, MA 06088|46-9870065|81-8487282|PaleVioletRed|6820|1917-04-10|Triple-buffered reciprocal conglomeration|71153452|Sarah|4AE 128|Diaz Group|Hunter|10|7303|485|PLC, 68-1868957, 08247377|9781973677697
194 David Walk Apt. 631 New Stephanie, KS 15394|40-6608719|72-5686476|LightCyan|6419|1970-10-27|Multi-tiered cohesive algorithm|78288157|Cameron|XIU N24|Zimmerman, Stokes and Garrison|Francis|17|1363|318|LLC, 61-5639246, 18010732|9780931276149
Unit 8333 Box 2862 DPO AA 52262|53-6557069|14-2567275|LightSteelBlue|7435|1951-11-30|User-friendly optimizing customer loyalty|50740079|Ashley|2Y781|Floyd and Sons|Wilson|37|5855|294|PLC, 60-4271369, 04945420|9781859074978
61646 Christine Trace Suite 293 New Nicole, TX 76781|22-6419686|32-8633641|Salmon|7236|1962-05-10|Fully-configurable 24/7 policy|49454635|James|22X 084|West, Keller and Hatfield|Ortega|2|4388|103|PLC, 06-8223045, 27775141|9781217938492
372 James Drives Suite 144 Jessicabury, AR 55014|32-4577386|40-8526842|SeaShell|7906|1974-04-25|Phased dynamic toolset|01902563|Lisa|3SI 851|Barnes, Benton and Mcdaniel|Brown|40|9484|201|PLC, 34-3057418, 00427814|9781890442347
9083 Preston Drives Suite 336 New Cassidychester, KY 64582|37-4858130|67-6633380|LightGoldenRodYellow|3686|1905-07-02|Organic motivating benchmark|67296187|Carrie|9HD98|Chung and Sons|Allen|18|3951|37|Inc, 63-5373552, 61881310|9780123592729
9902 Carr Prairie Suite 294 Hernandezview, LA 94966|25-0225943|13-8238147|SeaShell|3758|2017-11-16|Up-sized multi-state info-mediaries|24449649|Joshua|ZVC 943|Lindsey, Vance and Young|Anderson|43|1263|389|and Sons, 54-4387239, 13915230|9781793261250
83901 Mark Neck Carlsonton, NV 78870|44-0812625|94-6707768|Maroon|752|1904-05-07|Switchable didactic knowledge user|05964086|John|1IIS 05|Ward Inc|Brown|27|6674|344|Group, 90-4138534, 52229039|9780391560598
USS Walters FPO AA 37668|20-0922432|06-2717381|Gainsboro|5783|1952-06-28|Exclusive client-driven policy|33754451|Sean|638-896|Shelton, Rojas and Dillon|Cooke|4|2004|409|Ltd, 99-9896320, 79033565|9781810620237
036 Compton Plaza Wallsberg, DC 93528|01-5471434|33-0428777|MediumPurple|6248|1983-02-12|Universal optimal orchestration|81230136|Whitney|14CV6|Rogers Ltd|Arroyo|44|6722|208|PLC, 44-9898928, 33029344|9780370447179
8824 Lynn Harbor Parkerview, OH 90715|55-0067770|01-1625425|Aqua|6644|1934-11-14|Exclusive foreground process improvement|03548370|Kristy|GJK 700|Grimes, Benton and Shields|Cooke|35|3106|484|Group, 75-4586978, 83838576|9781159072131
1506 Bruce Gardens Suite 193 Greentown, OR 36803|61-7640077|94-1798660|MediumBlue|3256|1976-11-02|Advanced even-keeled parallelism|39702784|Christy|G26-ODL|Fernandez, Harris and Thomas|Robinson|20|6162|374|Inc, 77-8443094, 52503856|9781853966491
185 Megan Brook Apt. 873 North Amanda, SD 36649|10-2754279|58-4805378|Turquoise|4669|1924-11-25|Multi-tiered real-time help-desk|96575406|Paul|10FR821|Smith, Rowe and Ferguson|Oliver|13|2120|104|Ltd, 33-8279801, 79664844|9781213672079
80119 Daniel Garden Suite 962 Josephview, WY 43728|15-4805797|06-4124534|Ivory|5977|1942-01-08|Progressive real-time task-force|29230747|Jesse|7C AG124|Buchanan-Stewart|Calderon|25|3903|460|and Sons, 77-1422637, 09256088|9780950231358
6124 Thomas Mountains Suite 929 Lake Tiffanyshire, AL 60794|65-3422370|73-6059706|LightGreen|5666|1983-08-09|Versatile hybrid info-mediaries|81404971|Ryan|IH6 1281|Gonzalez Group|Spencer|33|4043|39|Group, 22-5074909, 70571639|9781400344796
4172 Veronica Lock Heatherborough, TX 19009|63-9060534|72-7140632|DarkOrchid|786|1957-11-22|Down-sized mission-critical array|43250721|Shelby|UHX 138|Jennings and Sons|Farley|23|8299|517|LLC, 38-2578928, 31632812|9780082434696
4579 Ross Dam Suite 055 Port Franciscoland, IL 93887|52-4965148|51-4554368|Tomato|7055|2004-08-02|Compatible static product|71641218|Bill|2DYM997|Black, Rogers and Foley|King|7|7690|212|PLC, 56-0452200, 84246165|9780438887350
8992 Sanders Prairie West Stevenchester, WI 60068|26-6817443|02-7679969|MediumSlateBlue|1566|1904-12-09|Diverse exuding architecture|01465600|Amanda|3-K2477|Daugherty Group|Taylor|48|6595|438|Ltd, 93-0132719, 23366244|9780750943987
4023 Abigail Junctions Monicachester, ME 90970|48-1266643|39-9546124|MediumSlateBlue|3548|1907-04-15|Self-enabling mission-critical Graphic Interface|99733384|Michael|7HQ E95|Cisneros-Paul|Armstrong|16|4501|292|Ltd, 77-7965648, 06354183|9781086074864
627 Jones Plaza Justintown, AR 10553|92-1185529|05-1726640|LightSkyBlue|6546|1948-05-04|Future-proofed bottom-line matrices|28684411|Derrick|MOS 825|Wallace, Sims and Orr|Cobb|38|3521|474|Group, 42-4784392, 81011506|9780574525475
982 Sanders Rapid Apt. 814 Jameschester, CO 06705|88-8825014|27-6194173|Lavender|3344|1935-05-30|Proactive impactful paradigm|16591493|Diana|0-87577|Miller-Brown|Robles|44|6056|234|LLC, 62-3652072, 00275590|9781238079037
